LLQ0420AE	Massenez	Green Apple liqueur	https://en.massenez.com/our-range/
LLQ0474AE	Massenez	Grapefruit liqueur	https://en.massenez.com/our-range/
LWH1212AE	Kilchoman	Batch Strength	https://www.kilchomandistillery.com/our-whisky/batch-strength/
LWH1213AE	Kilchoman	Sauternes Cask	https://www.kilchomandistillery.com/our-whisky/sauternes-cask-matured/
LWH1211AE	Ezra Brooks	99 Rye	https://ezrabrooks.com/whiskey/ezra-99-rye/
WRW6614GX	Vik	Millahue	https://www.vikwine.net/products/vik
WRW6944GX	Vik	La Piu Belle	https://www.vikwine.net/products/la-piu-belle
WRW6945GX	Vik	Stonevik	https://www.vikwine.net/products/stonevik
WRW6956FS	Santa Helena	Gran Reserva Cabernet	https://santahelena.cl/en/our-wines/gran-reserva/
WWW6014FS	Santa Helena	Gran Reserva Chardonnay	https://santahelena.cl/en/our-wines/gran-reserva/chardonnay-gr/
WWW6015FS	Santa Helena	Sweet White	https://santahelena.cl/en/nuestros-vinos/
WWW6019AD	Garofoli	Supera Verdicchio di Matelica	https://www.garofolivini.it/en/vino/supera/
WRW6577GX	Tornatore	Etna Rosso Trimarchisa	https://www.tornatorewine.com/prodotto/etna-rosso-trimarchisa-75cl/?lang=en
WRW4210AD	Bodega Garzon	Reserva Cabernet Franc	https://bodegagarzon.com/en/our-wines/
WSP8895FS	Montelvini	Asolo Prosecco Extra Dry	https://www.montelvini.it/en/products/asolo-prosecco-supeiore-docg-extra-dry
WSP8896FS	Montelvini	Spumante Dolce	https://www.montelvini.it/en/products/spumante-dolce
WSP8893FS	Montelvini	Prosecco DOC Extra Dry	https://www.montelvini.it/en/products/prosecco-doc-extra-dry
WSP8906AD	Champagne Gremillet	Rose Brut	https://www.champagne-gremillet.fr/en/the-collection/the-classics/brut-rose/
WSP8899AD	Champagne Ernest Rapeneau	Vieille France Brut	https://en.massenez.com/our-range/
WRW6575GX	Borga	Cabernet Sauvignon	https://www.borgavini.it/en/
WRW6597GX	Corryton Burge	Percival Norman Barossa Shiraz	https://corrytonburge.com/products/percival-norman-barossa-shiraz
WRW7598GX	Comte Desclos	Bordeaux	https://www.vikwine.net/products/vik
WRW7599AA	Baron Philippe de Rothschild	Mouton Cadet	https://www.bpdr.com/en/our-wines/mouton-cadet/
WRW7608GX	Chateau Mitrotes	Saint Emilion Grand Cru	https://www.vikwine.net/products/vik
WSP8892FS	Montelvini	Prosecco Rose Treviso	https://www.montelvini.it/en/products/prosecco-doc-rose-extra-dry
WSP8894FS	Montelvini	Prosecco Treviso Brut	https://www.montelvini.it/en/products/prosecco-doc-brut
