LLQ0420AE	Massenez	Liqueur de Pomme Verte Green Apple 700ml
LLQ0474AE	Massenez	Liqueur de Pamplemousse Pink Grapefruit 700ml
LWH1212AE	Kilchoman	Batch Strength single malt whisky
LWH1213AE	Kilchoman	Sauternes Cask single malt whisky
WRW6614GX	Vik	Millahue wine Chile
WRW6944GX	Vik	La Piu Belle wine Chile
WRW6945GX	Vik	Stonevik wine Chile
WRW6956FS	Santa Helena	Gran Reserva Cabernet Sauvignon Chile
WWW6014FS	Santa Helena	Gran Reserva Chardonnay Chile
WWW6015FS	Santa Helena	Sweet White wine Chile
WWW6019AD	Garofoli	Supera Verdicchio di Matelica
WRW6577GX	Tornatore	Etna Rosso Trimarchisa
WRW4210AD	Bodega Garzon	Reserva Cabernet Franc Uruguay
WSP8895FS	Montelvini	Asolo Prosecco Superiore Serenitatis Extra Dry
WSP8906AD	Champagne Gremillet	Rose Brut
WSP8899AD	Champagne Ernest Rapeneau	Vieille France Brut
WRW6575GX	Borga	Cabernet Sauvignon Italy
WRW6597GX	Corryton Burge	Percival Norman Barossa Shiraz
WRW7598GX	Comte Desclos	Bordeaux
WRW7599AA	Baron Philippe de Rothschild	Mouton Cadet
WRW7608GX	Chateau Mitrotes	Saint Emilion Grand Cru
WSP8892FS	Montelvini	Prosecco Rose Treviso Serenitatis Brut
WSP8893FS	Montelvini	Prosecco Treviso Serenitatis Extra Dry
WSP8894FS	Montelvini	Prosecco Treviso Serenitatis Brut
WSP8896FS	Montelvini	Spumante Dolce sweet
LWH1211AE	Ezra Brooks	99 Rye whiskey
